{
    "$schema": "https://schema.management.azure.com/schemas/2015-01-01/deploymentParameters.json#",
    "contentVersion": "1.0.0.0",
    "parameters": {
        "IotHubs_iothub16DB6E74_connectionString": {
            "value": null
        },
        "IotHubs_iothub16DB6E74_containerName": {
            "value": null
        },
        "sites_iotfunc16DB6E74_name": {
            "value": null
        },
        "IotHubs_iothub16DB6E74_name": {
            "value": null
        },
        "serverfarms_WestEuropePlan_name": {
            "value": null
        },
        "components_iotfunc16DB6E74_name": {
            "value": null
        },
        "accounts_iotdls16db6e74_name": {
            "value": null
        },
        "storageAccounts_iotstore16db6e74_name": {
            "value": null
        },
        "accounts_iotdla16db6e74_name": {
            "value": null
        },
        "provisioningServices_iotdps16DB6E74_name": {
            "value": null
        },
        "streamingjobs_iotasa16DB6E74_name": {
            "value": null
        },
        "databaseAccounts_iotcosmos16db6e74_name": {
            "value": null
        },
        "environments_iottsi16DB6E74_name": {
            "value": null
        }
    }
}