{
    "$schema": "https://schema.management.azure.com/schemas/2015-01-01/deploymentTemplate.json#",
    "contentVersion": "1.0.0.0",
    "parameters": {
        "IotHubs_iothub16DB6E74_connectionString": {
            "type": "SecureString"
        },
        "IotHubs_iothub16DB6E74_containerName": {
            "type": "SecureString"
        },
        "sites_iotfunc16DB6E74_name": {
            "defaultValue": "iotfunc16DB6E74",
            "type": "String"
        },
        "IotHubs_iothub16DB6E74_name": {
            "defaultValue": "iothub16DB6E74",
            "type": "String"
        },
        "serverfarms_WestEuropePlan_name": {
            "defaultValue": "WestEuropePlan",
            "type": "String"
        },
        "components_iotfunc16DB6E74_name": {
            "defaultValue": "iotfunc16DB6E74",
            "type": "String"
        },
        "accounts_iotdls16db6e74_name": {
            "defaultValue": "iotdls16db6e74",
            "type": "String"
        },
        "storageAccounts_iotstore16db6e74_name": {
            "defaultValue": "iotstore16db6e74",
            "type": "String"
        },
        "accounts_iotdla16db6e74_name": {
            "defaultValue": "iotdla16db6e74",
            "type": "String"
        },
        "provisioningServices_iotdps16DB6E74_name": {
            "defaultValue": "iotdps16DB6E74",
            "type": "String"
        },
        "streamingjobs_iotasa16DB6E74_name": {
            "defaultValue": "iotasa16DB6E74",
            "type": "String"
        },
        "databaseAccounts_iotcosmos16db6e74_name": {
            "defaultValue": "iotcosmos16db6e74",
            "type": "String"
        },
        "environments_iottsi16DB6E74_name": {
            "defaultValue": "iottsi16DB6E74",
            "type": "String"
        }
    },
    "variables": {},
    "resources": [
        {
            "type": "Microsoft.DataLakeAnalytics/accounts",
            "apiVersion": "2016-11-01",
            "name": "[parameters('accounts_iotdla16db6e74_name')]",
            "location": "centralus",
            "properties": {
                "firewallState": "Disabled",
                "firewallAllowAzureIps": "Disabled",
                "firewallRules": [],
                "defaultDataLakeStoreAccount": "iotdls16db6e74",
                "dataLakeStoreAccounts": [
                    {
                        "properties": {
                            "suffix": "azuredatalakestore.net"
                        },
                        "name": "iotdls16db6e74"
                    }
                ],
                "storageAccounts": [],
                "maxDegreeOfParallelism": 32,
                "maxJobCount": 20,
                "maxDegreeOfParallelismPerJob": 32,
                "minPriorityPerJob": 1,
                "computePolicies": [],
                "queryStoreRetention": 30,
                "newTier": "Consumption"
            }
        },
        {
            "type": "Microsoft.DataLakeStore/accounts",
            "apiVersion": "2016-11-01",
            "name": "[parameters('accounts_iotdls16db6e74_name')]",
            "location": "centralus",
            "properties": {
                "firewallState": "Disabled",
                "firewallAllowAzureIps": "Disabled",
                "firewallRules": [],
                "trustedIdProviderState": "Disabled",
                "trustedIdProviders": [],
                "encryptionState": "Enabled",
                "encryptionConfig": {
                    "type": "ServiceManaged"
                },
                "newTier": "Consumption"
            }
        },
        {
            "type": "Microsoft.Devices/IotHubs",
            "apiVersion": "2019-11-04",
            "name": "[parameters('IotHubs_iothub16DB6E74_name')]",
            "location": "westus",
            "sku": {
                "name": "S1",
                "tier": "Standard",
                "capacity": 1
            },
            "properties": {
                "ipFilterRules": [],
                "eventHubEndpoints": {
                    "events": {
                        "retentionTimeInDays": 1,
                        "partitionCount": 4
                    }
                },
                "routing": {
                    "endpoints": {
                        "serviceBusQueues": [],
                        "serviceBusTopics": [],
                        "eventHubs": [],
                        "storageContainers": []
                    },
                    "routes": [],
                    "fallbackRoute": {
                        "name": "$fallback",
                        "source": "DeviceMessages",
                        "condition": "true",
                        "endpointNames": [
                            "events"
                        ],
                        "isEnabled": true
                    }
                },
                "storageEndpoints": {
                    "$default": {
                        "sasTtlAsIso8601": "PT1H",
                        "connectionString": "[parameters('IotHubs_iothub16DB6E74_connectionString')]",
                        "containerName": "[parameters('IotHubs_iothub16DB6E74_containerName')]"
                    }
                },
                "messagingEndpoints": {
                    "fileNotifications": {
                        "lockDurationAsIso8601": "PT1M",
                        "ttlAsIso8601": "PT1H",
                        "maxDeliveryCount": 10
                    }
                },
                "enableFileUploadNotifications": false,
                "cloudToDevice": {
                    "maxDeliveryCount": 10,
                    "defaultTtlAsIso8601": "PT1H",
                    "feedback": {
                        "lockDurationAsIso8601": "PT1M",
                        "ttlAsIso8601": "PT1H",
                        "maxDeliveryCount": 10
                    }
                },
                "features": "None"
            }
        },
        {
            "type": "Microsoft.Devices/provisioningServices",
            "apiVersion": "2018-01-22",
            "name": "[parameters('provisioningServices_iotdps16DB6E74_name')]",
            "location": "westus",
            "sku": {
                "name": "S1",
                "tier": "Standard",
                "capacity": 1
            },
            "properties": {
                "state": "Active",
                "iotHubs": [
                    {
                        "connectionString": "HostName=iothub16DB6E74.azure-devices.net;SharedAccessKeyName=iothubowner;SharedAccessKey=****",
                        "location": "westus"
                    }
                ],
                "allocationPolicy": "Hashed"
            }
        },
        {
            "type": "Microsoft.DocumentDB/databaseAccounts",
            "apiVersion": "2019-08-01",
            "name": "[parameters('databaseAccounts_iotcosmos16db6e74_name')]",
            "location": "West US",
            "tags": {
                "defaultExperience": "Core (SQL)",
                "hidden-cosmos-mmspecial": ""
            },
            "kind": "GlobalDocumentDB",
            "properties": {
                "enableAutomaticFailover": false,
                "enableMultipleWriteLocations": false,
                "isVirtualNetworkFilterEnabled": false,
                "virtualNetworkRules": [],
                "disableKeyBasedMetadataWriteAccess": false,
                "databaseAccountOfferType": "Standard",
                "consistencyPolicy": {
                    "defaultConsistencyLevel": "Session",
                    "maxIntervalInSeconds": 5,
                    "maxStalenessPrefix": 100
                },
                "locations": [
                    {
                        "locationName": "West US",
                        "provisioningState": "Succeeded",
                        "failoverPriority": 0,
                        "isZoneRedundant": false
                    }
                ],
                "capabilities": []
            }
        },
        {
            "type": "microsoft.insights/components",
            "apiVersion": "2015-05-01",
            "name": "[parameters('components_iotfunc16DB6E74_name')]",
            "location": "westeurope",
            "tags": {
                "hidden-link:/subscriptions/c733c877-2261-48e1-88c9-dd069f2615cb/resourceGroups/IoTCapstoneRG/providers/Microsoft.Web/sites/iotfunc16DB6E74": "Resource"
            },
            "kind": "web",
            "properties": {
                "Application_Type": "web",
                "Flow_Type": "Redfield",
                "Request_Source": "AppServiceEnablementCreate"
            }
        },
        {
            "type": "Microsoft.Storage/storageAccounts",
            "apiVersion": "2019-04-01",
            "name": "[parameters('storageAccounts_iotstore16db6e74_name')]",
            "location": "westeurope",
            "sku": {
                "name": "Standard_LRS",
                "tier": "Standard"
            },
            "kind": "Storage",
            "properties": {
                "networkAcls": {
                    "bypass": "AzureServices",
                    "virtualNetworkRules": [],
                    "ipRules": [],
                    "defaultAction": "Allow"
                },
                "supportsHttpsTrafficOnly": true,
                "encryption": {
                    "services": {
                        "file": {
                            "enabled": true
                        },
                        "blob": {
                            "enabled": true
                        }
                    },
                    "keySource": "Microsoft.Storage"
                }
            }
        },
        {
            "type": "Microsoft.StreamAnalytics/streamingjobs",
            "apiVersion": "2016-03-01",
            "name": "[parameters('streamingjobs_iotasa16DB6E74_name')]",
            "location": "West US",
            "properties": {
                "sku": {
                    "name": "Standard"
                },
                "outputStartMode": "JobStartTime",
                "outputStartTime": "2019-12-30T07:02:27.463Z",
                "eventsOutOfOrderPolicy": "Adjust",
                "outputErrorPolicy": "Stop",
                "eventsOutOfOrderMaxDelayInSeconds": 0,
                "eventsLateArrivalMaxDelayInSeconds": 5,
                "dataLocale": "en-US",
                "compatibilityLevel": "1.1"
            }
        },
        {
            "type": "Microsoft.TimeSeriesInsights/environments",
            "apiVersion": "2018-08-15-preview",
            "name": "[parameters('environments_iottsi16DB6E74_name')]",
            "location": "westus",
            "sku": {
                "name": "S1",
                "capacity": 1
            },
            "kind": "Standard",
            "properties": {
                "dataRetentionTime": "P8D",
                "creationTime": "Sun, 29 Dec 2019 19:40:43 GMT",
                "provisioningState": "Succeeded",
                "requestApiVersion": "2018-08-15-preview",
                "dataAccessId": "ff664777-0928-4767-83cc-4e78f135dad1",
                "dataAccessFqdn": "ff664777-0928-4767-83cc-4e78f135dad1.env.timeseries.azure.com",
                "storageLimitExceededBehavior": "PurgeOldData"
            }
        },
        {
            "type": "Microsoft.Web/serverfarms",
            "apiVersion": "2018-02-01",
            "name": "[parameters('serverfarms_WestEuropePlan_name')]",
            "location": "West Europe",
            "sku": {
                "name": "Y1",
                "tier": "Dynamic",
                "size": "Y1",
                "family": "Y",
                "capacity": 0
            },
            "kind": "functionapp",
            "properties": {
                "perSiteScaling": false,
                "maximumElasticWorkerCount": 1,
                "isSpot": false,
                "reserved": false,
                "isXenon": false,
                "hyperV": false,
                "targetWorkerCount": 0,
                "targetWorkerSizeId": 0
            }
        },
        {
            "type": "Microsoft.DataLakeAnalytics/accounts/dataLakeStoreAccounts",
            "apiVersion": "2016-11-01",
            "name": "[concat(parameters('accounts_iotdla16db6e74_name'), '/iotdls16db6e74')]",
            "dependsOn": [
                "[resourceId('Microsoft.DataLakeAnalytics/accounts', parameters('accounts_iotdla16db6e74_name'))]"
            ],
            "properties": {
                "suffix": "azuredatalakestore.net"
            }
        },
        {
            "type": "Microsoft.DocumentDB/databaseAccounts/sqlDatabases",
            "apiVersion": "2019-08-01",
            "name": "[concat(parameters('databaseAccounts_iotcosmos16db6e74_name'), '/cosmosdb')]",
            "dependsOn": [
                "[resourceId('Microsoft.DocumentDB/databaseAccounts', parameters('databaseAccounts_iotcosmos16db6e74_name'))]"
            ],
            "properties": {
                "resource": {
                    "id": "cosmosdb"
                },
                "options": {}
            }
        },
        {
            "type": "Microsoft.Storage/storageAccounts/blobServices",
            "apiVersion": "2019-04-01",
            "name": "[concat(parameters('storageAccounts_iotstore16db6e74_name'), '/default')]",
            "dependsOn": [
                "[resourceId('Microsoft.Storage/storageAccounts', parameters('storageAccounts_iotstore16db6e74_name'))]"
            ],
            "sku": {
                "name": "Standard_LRS"
            },
            "properties": {
                "cors": {
                    "corsRules": []
                },
                "deleteRetentionPolicy": {
                    "enabled": false
                }
            }
        },
        {
            "type": "Microsoft.StreamAnalytics/streamingjobs/inputs",
            "apiVersion": "2016-03-01",
            "name": "[concat(parameters('streamingjobs_iotasa16DB6E74_name'), '/hubalias')]",
            "dependsOn": [
                "[resourceId('Microsoft.StreamAnalytics/streamingjobs', parameters('streamingjobs_iotasa16DB6E74_name'))]"
            ],
            "properties": {
                "type": "Stream",
                "datasource": {
                    "type": "Microsoft.Devices/IotHubs",
                    "properties": {
                        "iotHubNamespace": "iothub16DB6E74",
                        "sharedAccessPolicyName": "iothubowner",
                        "endpoint": "messages/events",
                        "consumerGroupName": "iotcapstonergconsumer"
                    }
                },
                "compression": {
                    "type": "None"
                },
                "partitionKey": "",
                "serialization": {
                    "type": "Json",
                    "properties": {
                        "encoding": "UTF8"
                    }
                },
                "etag": "3fc86b98-5749-440f-ae53-e3d908d2179d"
            }
        },
        {
            "type": "Microsoft.StreamAnalytics/streamingjobs/outputs",
            "apiVersion": "2016-03-01",
            "name": "[concat(parameters('streamingjobs_iotasa16DB6E74_name'), '/cosmosdb')]",
            "dependsOn": [
                "[resourceId('Microsoft.StreamAnalytics/streamingjobs', parameters('streamingjobs_iotasa16DB6E74_name'))]"
            ],
            "properties": {
                "datasource": {
                    "type": "Microsoft.Storage/DocumentDB",
                    "properties": {
                        "accountId": "iotcosmos16db6e74",
                        "accountKey": null,
                        "database": "cosmosdb",
                        "collectionNamePattern": "windfarmcontainer"
                    }
                }
            }
        },
        {
            "type": "Microsoft.StreamAnalytics/streamingjobs/outputs",
            "apiVersion": "2016-03-01",
            "name": "[concat(parameters('streamingjobs_iotasa16DB6E74_name'), '/DataLakeStorage')]",
            "dependsOn": [
                "[resourceId('Microsoft.StreamAnalytics/streamingjobs', parameters('streamingjobs_iotasa16DB6E74_name'))]"
            ],
            "properties": {
                "datasource": {
                    "type": "Microsoft.DataLake/Accounts",
                    "properties": {
                        "filePathPrefix": "telemetry/{date}",
                        "accountName": "iotdls16db6e74",
                        "tenantId": "1ff47169-9d51-4f99-aadd-5375cfe3670b",
                        "dateFormat": "yyyy/MM/dd",
                        "timeFormat": "HH",
                        "authenticationMode": "UserToken",
                        "refreshToken": null,
                        "accessToken": null,
                        "tokenUserPrincipalName": "Anton Baranov",
                        "tokenUserDisplayName": "Anton Baranov"
                    }
                },
                "serialization": {
                    "type": "Json",
                    "properties": {
                        "encoding": "UTF8",
                        "format": "Array"
                    }
                }
            }
        },
        {
            "type": "Microsoft.StreamAnalytics/streamingjobs/outputs",
            "apiVersion": "2016-03-01",
            "name": "[concat(parameters('streamingjobs_iotasa16DB6E74_name'), '/func')]",
            "dependsOn": [
                "[resourceId('Microsoft.StreamAnalytics/streamingjobs', parameters('streamingjobs_iotasa16DB6E74_name'))]"
            ],
            "properties": {
                "datasource": {
                    "type": "Microsoft.AzureFunction",
                    "properties": {
                        "functionAppName": "iotfunc16DB6E74",
                        "functionName": "WindSpeedHttpTrigger",
                        "apiKey": null
                    }
                }
            }
        },
        {
            "type": "Microsoft.TimeSeriesInsights/environments/accesspolicies",
            "apiVersion": "2018-08-15-preview",
            "name": "[concat(parameters('environments_iottsi16DB6E74_name'), '/ownerAccessPolicyName')]",
            "dependsOn": [
                "[resourceId('Microsoft.TimeSeriesInsights/environments', parameters('environments_iottsi16DB6E74_name'))]"
            ],
            "properties": {
                "principalObjectId": "3f9f4265-7e43-45ac-8631-eaf1fa39c411",
                "roles": [
                    "Reader",
                    "Contributor"
                ]
            }
        },
        {
            "type": "Microsoft.Web/sites",
            "apiVersion": "2018-11-01",
            "name": "[parameters('sites_iotfunc16DB6E74_name')]",
            "location": "West Europe",
            "dependsOn": [
                "[resourceId('Microsoft.Web/serverfarms', parameters('serverfarms_WestEuropePlan_name'))]"
            ],
            "kind": "functionapp",
            "properties": {
                "enabled": true,
                "hostNameSslStates": [
                    {
                        "name": "iotfunc16db6e74.azurewebsites.net",
                        "sslState": "Disabled",
                        "hostType": "Standard"
                    },
                    {
                        "name": "iotfunc16db6e74.scm.azurewebsites.net",
                        "sslState": "Disabled",
                        "hostType": "Repository"
                    }
                ],
                "serverFarmId": "[resourceId('Microsoft.Web/serverfarms', parameters('serverfarms_WestEuropePlan_name'))]",
                "reserved": false,
                "isXenon": false,
                "hyperV": false,
                "scmSiteAlsoStopped": false,
                "clientAffinityEnabled": false,
                "clientCertEnabled": false,
                "hostNamesDisabled": false,
                "containerSize": 1536,
                "dailyMemoryTimeQuota": 0,
                "httpsOnly": false,
                "redundancyMode": "None"
            }
        },
        {
            "type": "Microsoft.Web/sites/config",
            "apiVersion": "2018-11-01",
            "name": "[concat(parameters('sites_iotfunc16DB6E74_name'), '/web')]",
            "location": "West Europe",
            "dependsOn": [
                "[resourceId('Microsoft.Web/sites', parameters('sites_iotfunc16DB6E74_name'))]"
            ],
            "properties": {
                "numberOfWorkers": 1,
                "defaultDocuments": [
                    "Default.htm",
                    "Default.html",
                    "Default.asp",
                    "index.htm",
                    "index.html",
                    "iisstart.htm",
                    "default.aspx",
                    "index.php"
                ],
                "netFrameworkVersion": "v4.0",
                "phpVersion": "5.6",
                "pythonVersion": "",
                "nodeVersion": "",
                "linuxFxVersion": "",
                "requestTracingEnabled": false,
                "remoteDebuggingEnabled": false,
                "remoteDebuggingVersion": "VS2019",
                "httpLoggingEnabled": false,
                "logsDirectorySizeLimit": 35,
                "detailedErrorLoggingEnabled": false,
                "publishingUsername": "$iotfunc16DB6E74",
                "scmType": "None",
                "use32BitWorkerProcess": true,
                "webSocketsEnabled": false,
                "alwaysOn": false,
                "appCommandLine": "",
                "managedPipelineMode": "Integrated",
                "virtualApplications": [
                    {
                        "virtualPath": "/",
                        "physicalPath": "site\\wwwroot",
                        "preloadEnabled": false,
                        "virtualDirectories": null
                    }
                ],
                "winAuthAdminState": 0,
                "winAuthTenantState": 0,
                "customAppPoolIdentityAdminState": false,
                "customAppPoolIdentityTenantState": false,
                "loadBalancing": "LeastRequests",
                "routingRules": [],
                "experiments": {
                    "rampUpRules": []
                },
                "autoHealEnabled": false,
                "vnetName": "",
                "siteAuthEnabled": false,
                "siteAuthSettings": {
                    "enabled": null,
                    "unauthenticatedClientAction": null,
                    "tokenStoreEnabled": null,
                    "allowedExternalRedirectUrls": null,
                    "defaultProvider": null,
                    "clientId": null,
                    "clientSecret": null,
                    "clientSecretCertificateThumbprint": null,
                    "issuer": null,
                    "allowedAudiences": null,
                    "additionalLoginParams": null,
                    "isAadAutoProvisioned": false,
                    "googleClientId": null,
                    "googleClientSecret": null,
                    "googleOAuthScopes": null,
                    "facebookAppId": null,
                    "facebookAppSecret": null,
                    "facebookOAuthScopes": null,
                    "twitterConsumerKey": null,
                    "twitterConsumerSecret": null,
                    "microsoftAccountClientId": null,
                    "microsoftAccountClientSecret": null,
                    "microsoftAccountOAuthScopes": null
                },
                "cors": {
                    "allowedOrigins": [
                        "https://functions.azure.com",
                        "https://functions-staging.azure.com",
                        "https://functions-next.azure.com"
                    ],
                    "supportCredentials": false
                },
                "localMySqlEnabled": false,
                "ipSecurityRestrictions": [
                    {
                        "ipAddress": "Any",
                        "action": "Allow",
                        "priority": 1,
                        "name": "Allow all",
                        "description": "Allow all access"
                    }
                ],
                "scmIpSecurityRestrictions": [
                    {
                        "ipAddress": "Any",
                        "action": "Allow",
                        "priority": 1,
                        "name": "Allow all",
                        "description": "Allow all access"
                    }
                ],
                "scmIpSecurityRestrictionsUseMain": false,
                "http20Enabled": false,
                "minTlsVersion": "1.2",
                "ftpsState": "AllAllowed",
                "reservedInstanceCount": 0,
                "fileChangeAuditEnabled": false,
                "functionsRuntimeScaleMonitoringEnabled": false
            }
        },
        {
            "type": "Microsoft.Web/sites/deployments",
            "apiVersion": "2018-11-01",
            "name": "[concat(parameters('sites_iotfunc16DB6E74_name'), '/0b3351d0147a445a9675aebbc7f25aec')]",
            "location": "West Europe",
            "dependsOn": [
                "[resourceId('Microsoft.Web/sites', parameters('sites_iotfunc16DB6E74_name'))]"
            ],
            "properties": {
                "status": 4,
                "author_email": "N/A",
                "author": "VS Code",
                "deployer": "Push-Deployer",
                "message": "Created via a push deployment",
                "start_time": "2019-12-19T01:13:56.0326525Z",
                "end_time": "2019-12-19T01:14:01.7979974Z",
                "active": false
            }
        },
        {
            "type": "Microsoft.Web/sites/deployments",
            "apiVersion": "2018-11-01",
            "name": "[concat(parameters('sites_iotfunc16DB6E74_name'), '/2a3c159e3be54a5a9f5081838ba2dc5c')]",
            "location": "West Europe",
            "dependsOn": [
                "[resourceId('Microsoft.Web/sites', parameters('sites_iotfunc16DB6E74_name'))]"
            ],
            "properties": {
                "status": 4,
                "author_email": "N/A",
                "author": "VS Code",
                "deployer": "Push-Deployer",
                "message": "Created via a push deployment",
                "start_time": "2019-12-19T01:11:31.1650827Z",
                "end_time": "2019-12-19T01:11:37.2682884Z",
                "active": false
            }
        },
        {
            "type": "Microsoft.Web/sites/deployments",
            "apiVersion": "2018-11-01",
            "name": "[concat(parameters('sites_iotfunc16DB6E74_name'), '/f843eee7dfbc4d82ab8a234c8f6798d0')]",
            "location": "West Europe",
            "dependsOn": [
                "[resourceId('Microsoft.Web/sites', parameters('sites_iotfunc16DB6E74_name'))]"
            ],
            "properties": {
                "status": 4,
                "author_email": "N/A",
                "author": "VS Code",
                "deployer": "Push-Deployer",
                "message": "Created via a push deployment",
                "start_time": "2019-12-19T01:26:21.6896305Z",
                "end_time": "2019-12-19T01:26:30.1114934Z",
                "active": true
            }
        },
        {
            "type": "Microsoft.Web/sites/functions",
            "apiVersion": "2018-11-01",
            "name": "[concat(parameters('sites_iotfunc16DB6E74_name'), '/WindSpeedHttpTrigger')]",
            "location": "West Europe",
            "dependsOn": [
                "[resourceId('Microsoft.Web/sites', parameters('sites_iotfunc16DB6E74_name'))]"
            ],
            "properties": {
                "script_root_path_href": "https://iotfunc16db6e74.azurewebsites.net/admin/vfs/site/wwwroot/WindSpeedHttpTrigger/",
                "script_href": "https://iotfunc16db6e74.azurewebsites.net/admin/vfs/site/wwwroot/bin/iotfunc16DB6E74.dll",
                "config_href": "https://iotfunc16db6e74.azurewebsites.net/admin/vfs/site/wwwroot/WindSpeedHttpTrigger/function.json",
                "href": "https://iotfunc16db6e74.azurewebsites.net/admin/functions/WindSpeedHttpTrigger",
                "config": {}
            }
        },
        {
            "type": "Microsoft.Web/sites/hostNameBindings",
            "apiVersion": "2018-11-01",
            "name": "[concat(parameters('sites_iotfunc16DB6E74_name'), '/', parameters('sites_iotfunc16DB6E74_name'), '.azurewebsites.net')]",
            "location": "West Europe",
            "dependsOn": [
                "[resourceId('Microsoft.Web/sites', parameters('sites_iotfunc16DB6E74_name'))]"
            ],
            "properties": {
                "siteName": "iotfunc16DB6E74",
                "hostNameType": "Verified"
            }
        },
        {
            "type": "Microsoft.DocumentDB/databaseAccounts/sqlDatabases/containers",
            "apiVersion": "2019-08-01",
            "name": "[concat(parameters('databaseAccounts_iotcosmos16db6e74_name'), '/cosmosdb/windfarmcontainer')]",
            "dependsOn": [
                "[resourceId('Microsoft.DocumentDB/databaseAccounts/sqlDatabases', parameters('databaseAccounts_iotcosmos16db6e74_name'), 'cosmosdb')]",
                "[resourceId('Microsoft.DocumentDB/databaseAccounts', parameters('databaseAccounts_iotcosmos16db6e74_name'))]"
            ],
            "properties": {
                "resource": {
                    "id": "windfarmcontainer",
                    "indexingPolicy": {
                        "indexingMode": "consistent",
                        "automatic": true,
                        "includedPaths": [
                            {
                                "path": "/*"
                            }
                        ],
                        "excludedPaths": [
                            {
                                "path": "/\"_etag\"/?"
                            }
                        ]
                    },
                    "defaultTtl": 86400,
                    "conflictResolutionPolicy": {
                        "mode": "LastWriterWins",
                        "conflictResolutionPath": "/_ts"
                    }
                },
                "options": {}
            }
        },
        {
            "type": "Microsoft.Storage/storageAccounts/blobServices/containers",
            "apiVersion": "2019-04-01",
            "name": "[concat(parameters('storageAccounts_iotstore16db6e74_name'), '/default/azure-webjobs-hosts')]",
            "dependsOn": [
                "[resourceId('Microsoft.Storage/storageAccounts/blobServices', parameters('storageAccounts_iotstore16db6e74_name'), 'default')]",
                "[resourceId('Microsoft.Storage/storageAccounts', parameters('storageAccounts_iotstore16db6e74_name'))]"
            ],
            "properties": {
                "publicAccess": "None"
            }
        },
        {
            "type": "Microsoft.Storage/storageAccounts/blobServices/containers",
            "apiVersion": "2019-04-01",
            "name": "[concat(parameters('storageAccounts_iotstore16db6e74_name'), '/default/azure-webjobs-secrets')]",
            "dependsOn": [
                "[resourceId('Microsoft.Storage/storageAccounts/blobServices', parameters('storageAccounts_iotstore16db6e74_name'), 'default')]",
                "[resourceId('Microsoft.Storage/storageAccounts', parameters('storageAccounts_iotstore16db6e74_name'))]"
            ],
            "properties": {
                "publicAccess": "None"
            }
        },
        {
            "type": "Microsoft.TimeSeriesInsights/environments/eventsources",
            "apiVersion": "2018-08-15-preview",
            "name": "[concat(parameters('environments_iottsi16DB6E74_name'), '/IotHubSource')]",
            "location": "westus",
            "dependsOn": [
                "[resourceId('Microsoft.TimeSeriesInsights/environments', parameters('environments_iottsi16DB6E74_name'))]",
                "[resourceId('Microsoft.Devices/IotHubs', parameters('IotHubs_iothub16DB6E74_name'))]"
            ],
            "kind": "Microsoft.IoTHub",
            "properties": {
                "eventSourceResourceId": "[resourceId('Microsoft.Devices/IotHubs', parameters('IotHubs_iothub16DB6E74_name'))]",
                "iotHubName": "iothub16DB6E74",
                "keyName": "iothubowner",
                "consumerGroupName": "$Default",
                "timestampPropertyName": "",
                "creationTime": "Sun, 29 Dec 2019 19:42:43 GMT",
                "provisioningState": "Succeeded"
            }
        },
        {
            "type": "Microsoft.DocumentDB/databaseAccounts/sqlDatabases/containers/storedProcedures",
            "apiVersion": "2019-08-01",
            "name": "[concat(parameters('databaseAccounts_iotcosmos16db6e74_name'), '/cosmosdb/windfarmcontainer/bulkUpsert_v_2_0')]",
            "dependsOn": [
                "[resourceId('Microsoft.DocumentDB/databaseAccounts/sqlDatabases/containers', parameters('databaseAccounts_iotcosmos16db6e74_name'), 'cosmosdb', 'windfarmcontainer')]",
                "[resourceId('Microsoft.DocumentDB/databaseAccounts/sqlDatabases', parameters('databaseAccounts_iotcosmos16db6e74_name'), 'cosmosdb')]",
                "[resourceId('Microsoft.DocumentDB/databaseAccounts', parameters('databaseAccounts_iotcosmos16db6e74_name'))]"
            ],
            "properties": {
                "resource": {
                    "id": "bulkUpsert_v_2_0",
                    "body": "// Copyright (c) Microsoft Corporation.  All rights reserved.\r\n\r\nfunction bulkUpsert_v_2_0(docs, optimizeForInserts, startIndex) {\r\n    /**\r\n* A DocumentDB stored procedure that upserts a batch of documents (insert new or update if present) using its id property.<br/>\r\n* This implementation queries for each document's id, and creates if absent and patches if found.\r\n* The script sets response body to the number of docs imported and is called multiple times \r\n* by the client until total number of docs desired by the client is imported.\r\n* @param  {Object[]} docs - Array of documents to import.\r\n* v2 : Uses a different API now to read documents\r\n*/\r\n    var ErrorCode = {\r\n        CONFLICT: 409,\r\n        FORBIDDEN: 403,\r\n        INSUFFICIENT_STORAGE: 507\r\n    };\r\n    var context = getContext();\r\n    var collection = context.getCollection();\r\n    var collectionLink = collection.getSelfLink();\r\n    var response = context.getResponse();\r\n    // The count of imported docs, also used as current doc index.\r\n    var count = startIndex;\r\n    var replaceCount = 0;\r\n\r\n    // Validate input.\r\n    if (!docs) {\r\n        throw new Error(\"Input documents array is undefined or null.\");\r\n    }\r\n\r\n    var docsLength = docs.length;\r\n    if (docsLength === 0) {\r\n        response.setBody(0);\r\n    }\r\n\r\n    tryCreate(docs[count], createCallback);\r\n\r\n    function tryCreate(doc, createCallback) {\r\n        var options = {\r\n            disableAutomaticIdGeneration: optimizeForInserts\r\n        };\r\n\r\n        // replace this with collection.UpsertDocument() when it supports patch\r\n        var isAccepted = collection.createDocument(collectionLink, doc, options, createCallback);\r\n\r\n        // If the request was accepted, createCallback will be called.\r\n        // Otherwise report current count back to the client, \r\n        // which will call the script again with remaining set of docs.\r\n        // This condition will happen when this stored procedure has been running too long\r\n        // and is about to get cancelled by the server. This will allow the calling client\r\n        // to resume this batch from the point we got to before isAccepted was set to false\r\n        if (!isAccepted) getContext().getResponse().setBody({ \"total\": count, \"replaced\": replaceCount });\r\n    }\r\n\r\n    // To replace the document, first issue a query to find it and then call replace.\r\n    function retrieveDoc(doc, continuation, retrieveCallback) {\r\n        var query = { query: \"select * from root r where r.id = @id\", parameters: [{ name: \"@id\", value: doc.id }] };\r\n        var requestOptions = { continuation: continuation };\r\n        var isAccepted = collection.readDocument(__.getAltLink() + '/docs/' + doc.id, requestOptions, function (err, retrievedDoc, responseOptions) {\r\n            if (err) {\r\n               throw err;\r\n            }\r\n\r\n            if (!retrievedDoc) {\r\n                throw new Error(\"Error in reading document.\");\r\n            }\r\n\r\n            retrieveCallback(retrievedDoc);\r\n        });\r\n\r\n        // this will be retried , set the current count \r\n        if (!isAccepted) getContext().getResponse().setBody({ \"total\": count, \"replaced\": replaceCount });\r\n    }\r\n\r\n    function tryReplace(document, replaceCallback) {\r\n        retrieveDoc(document, null, function (retrievedDoc) {\r\n            var existingDocSelfLink = retrievedDoc._self;\r\n            replaceCount = replaceCount + 1;\r\n            mergeReplace(retrievedDoc, document);\r\n            var isAccepted = collection.replaceDocument(existingDocSelfLink, retrievedDoc, replaceCallback);\r\n            if (!isAccepted) getContext().getResponse().setBody({ \"total\": count, \"replaced\": replaceCount });\r\n        });\r\n    }\r\n\r\n    // Merges properties recursively from source into dest object by reference. \r\n    // All properties present in the source are overwritten in dest\r\n    // Note - Array values are not merged but overwritten\r\n    function mergeReplace(dest, source) {\r\n\r\n        if (dest instanceof Array) {\r\n            var k = dest.length;\r\n            while (k > source.length) {\r\n                dest.pop();\r\n                k--;\r\n            }\r\n        }\r\n\r\n        for (var prop in source) {\r\n            if (source[prop] && source[prop] instanceof Object && dest[prop] instanceof Object) {\r\n                mergeReplace(dest[prop], source[prop]);\r\n            } else {\r\n                dest[prop] = source[prop];\r\n            }\r\n        }\r\n    }\r\n\r\n    function createCallback(err, doc, options) {\r\n        if (err) {\r\n            // Replace the document if status code is 409 and upsert is enabled\r\n            if (err.number === ErrorCode.CONFLICT) {\r\n                return tryReplace(docs[count], createCallback);\r\n            }\r\n            // storage quota exceeded, remap to a 507 so fx can indentify in substatus header\r\n            else if (err.number === ErrorCode.FORBIDDEN) {\r\n                err.number = ErrorCode.INSUFFICIENT_STORAGE;\r\n                throw err;\r\n            } else {\r\n                throw err;\r\n            }\r\n        } else {\r\n            // One more document has been inserted, increment the count.\r\n            count++;\r\n\r\n            if (count >= docsLength) {\r\n                // If we have created all documents, we are done. Just set the response.\r\n                getContext().getResponse().setBody({ \"total\": count, \"replaced\": replaceCount });\r\n            } else {\r\n                // Call the CRUD API to create a document.\r\n                return tryCreate(docs[count], createCallback);\r\n            }\r\n        }\r\n    }\r\n}\r\n"
                },
                "options": {}
            }
        },
        {
            "type": "Microsoft.DocumentDB/databaseAccounts/sqlDatabases/containers/throughputSettings",
            "apiVersion": "2019-08-01",
            "name": "[concat(parameters('databaseAccounts_iotcosmos16db6e74_name'), '/cosmosdb/windfarmcontainer/default')]",
            "dependsOn": [
                "[resourceId('Microsoft.DocumentDB/databaseAccounts/sqlDatabases/containers', parameters('databaseAccounts_iotcosmos16db6e74_name'), 'cosmosdb', 'windfarmcontainer')]",
                "[resourceId('Microsoft.DocumentDB/databaseAccounts/sqlDatabases', parameters('databaseAccounts_iotcosmos16db6e74_name'), 'cosmosdb')]",
                "[resourceId('Microsoft.DocumentDB/databaseAccounts', parameters('databaseAccounts_iotcosmos16db6e74_name'))]"
            ],
            "properties": {
                "resource": {
                    "throughput": 5000
                }
            }
        }
    ]
}